index,lang_id
0,6
1,2
2,8
3,5
4,5
5,3
6,2
7,4
8,10
9,1
10,3
11,7
12,6
13,4
14,7
15,5
16,5
17,5
18,0
19,5
20,5
21,8
22,10
23,5
24,3
25,10
26,2
27,0
28,3
29,7
30,10
31,9
32,4
33,3
34,5
35,0
36,3
37,9
38,4
39,1
40,5
41,5
42,2
43,2
44,0
45,8
46,5
47,8
48,2
49,5
50,4
51,5
52,4
53,4
54,10
55,8
56,2
57,9
58,5
59,4
60,5
61,7
62,0
63,10
64,9
65,5
66,4
67,3
68,3
69,9
70,5
71,7
72,9
73,3
74,5
75,8
76,5
77,7
78,5
79,5
80,6
81,5
82,9
83,10
84,2
85,3
86,4
87,7
88,7
89,10
90,5
91,9
92,10
93,4
94,5
95,3
96,5
97,5
98,8
99,2
100,5
101,7
102,3
103,10
104,8
105,8
106,5
107,3
108,4
109,4
110,5
111,10
112,5
113,0
114,10
115,4
116,0
117,10
118,1
119,1
120,4
121,1
122,2
123,7
124,3
125,0
126,5
127,7
128,2
129,6
130,7
131,8
132,10
133,4
134,6
135,5
136,10
137,4
138,5
139,0
140,4
141,6
142,2
143,3
144,2
145,8
146,3
147,4
148,9
149,5
150,3
151,9
152,9
153,6
154,5
155,5
156,5
157,2
158,1
159,4
160,10
161,7
162,3
163,9
164,5
165,4
166,2
167,10
168,1
169,5
170,10
171,3
172,2
173,0
174,7
175,3
176,0
177,9
178,7
179,5
180,6
181,3
182,5
183,5
184,4
185,4
186,10
187,2
188,10
189,2
190,5
191,7
192,4
193,0
194,10
195,10
196,4
197,2
198,9
199,1
200,3
201,0
202,2
203,8
204,2
205,0
206,9
207,8
208,6
209,5
210,10
211,7
212,0
213,2
214,8
215,0
216,0
217,7
218,0
219,1
220,7
221,8
222,0
223,1
224,1
225,6
226,3
227,1
228,9
229,3
230,5
231,8
232,8
233,4
234,9
235,5
236,4
237,7
238,4
239,3
240,0
241,5
242,10
243,2
244,5
245,3
246,3
247,3
248,2
249,5
250,10
251,4
252,4
253,0
254,2
255,10
256,3
257,5
258,5
259,6
260,10
261,5
262,2
263,4
264,2
265,9
266,8
267,5
268,2
269,0
270,3
271,0
272,5
273,3
274,5
275,4
276,8
277,5
278,4
279,2
280,9
281,3
282,10
283,5
284,1
285,5
286,2
287,10
288,9
289,4
290,3
291,3
292,7
293,5
294,2
295,9
296,5
297,10
298,10
299,4
300,10
301,0
302,2
303,5
304,10
305,1
306,3
307,4
308,8
309,9
310,5
311,10
312,7
313,5
314,5
315,3
316,0
317,3
318,8
319,8
320,5
321,9
322,4
323,3
324,10
325,5
326,9
327,6
328,8
329,0
330,5
331,5
332,5
333,5
334,4
335,0
336,0
337,8
338,7
339,4
340,3
341,5
342,2
343,8
344,7
345,5
346,7
347,7
348,5
349,1
350,5
351,0
352,3
353,3
354,4
355,5
356,8
357,3
358,5
359,10
360,0
361,7
362,5
363,7
364,7
365,5
366,10
367,9
368,1
369,0
370,2
371,0
372,8
373,9
374,9
375,6
376,3
377,10
378,3
379,3
380,7
381,6
382,9
383,5
384,0
385,6
386,5
387,4
388,10
389,4
390,2
391,0
392,5
393,3
394,2
395,3
396,9
397,4
398,0
399,5
400,4
401,5
402,3
403,3
404,1
405,3
406,1
407,2
408,5
409,5
410,5
411,5
412,3
413,3
414,2
415,3
416,5
417,5
418,7
419,7
420,6
421,8
422,5
423,9
424,8
425,0
426,4
427,5
428,10
429,10
430,3
431,2
432,6
433,6
434,0
435,8
436,5
437,7
438,5
439,8
440,3
441,9
442,4
443,9
444,5
445,10
446,7
447,10
448,6
449,2
450,5
451,2
452,8
453,1
454,6
455,8
456,6
457,0
458,4
459,5
460,5
461,0
462,5
463,4
464,8
465,9
466,5
467,5
468,10
469,10
470,5
471,9
472,0
473,0
474,3
475,9
476,9
477,3
478,4
479,7
480,2
481,7
482,0
483,5
484,2
485,5
486,1
487,8
488,3
489,3
490,3
491,3
492,2
493,8
494,3
495,8
496,8
497,5
498,10
499,8
500,5
501,10
502,2
503,6
504,3
505,5
506,2
507,4
508,0
509,5
510,0
511,2
512,1
513,6
514,5
515,5
516,1
517,5
518,7
519,8
520,5
521,9
522,2
523,5
524,0
525,8
526,2
527,5
528,4
529,3
530,3
531,5
532,6
533,2
534,5
535,7
536,6
537,5
538,8
539,9
540,9
541,10
542,7
543,5
544,5
545,7
546,9
547,1
548,3
549,10
550,6
551,1
552,10
553,5
554,8
555,5
556,4
557,8
558,0
559,5
560,6
561,9
562,0
563,10
564,5
565,9
566,5
567,6
568,0
569,0
570,5
571,6
572,4
573,5
574,6
575,6
576,2
577,2
578,0
579,5
580,9
581,4
582,9
583,8
584,0
585,8
586,1
587,1
588,0
589,0
590,9
591,4
592,8
593,0
594,3
595,8
596,5
597,8
598,8
599,0
600,10
601,0
602,3
603,3
604,7
605,8
606,3
607,0
608,5
609,5
610,6
611,4
612,5
613,5
614,0
615,7
616,10
617,8
618,9
619,7
620,7
621,5
622,9
623,9
624,3
625,10
626,9
627,5
628,8
629,10
630,5
631,5
632,5
633,4
634,0
635,5
636,2
637,1
638,4
639,5
640,8
641,7
642,2
643,7
644,5
645,0
646,10
647,2
648,7
649,4
650,5
651,5
652,5
653,3
654,8
655,0
656,4
657,4
658,4
659,5
660,9
661,0
662,6
663,7
664,8
665,2
666,4
667,9
668,4
669,2
670,3
671,0
672,7
673,6
674,9
675,2
676,0
677,0
678,5
679,3
680,5
681,9
682,5
683,5
684,4
685,9
686,2
687,2
688,3
689,2
690,1
691,0
692,1
693,0
694,5
695,10
696,7
697,3
698,6
699,5
700,4
701,7
702,6
703,9
704,4
705,6
706,9
707,3
708,5
709,3
710,4
711,5
712,5
713,7
714,8
715,4
716,7
717,7
718,5
719,1
720,8
721,0
722,9
723,4
724,5
725,5
726,10
727,2
728,4
729,5
730,9
731,4
732,4
733,5
734,1
735,0
736,5
737,1
738,0
739,2
740,0
741,4
742,2
743,6
744,1
745,10
746,5
747,7
748,5
749,10
750,5
751,0
752,5
753,2
754,1
755,3
756,2
757,7
758,7
759,5
760,0
761,2
762,3
763,8
764,9
765,3
766,3
767,3
768,4
769,5
770,1
771,5
772,5
773,0
774,1
775,7
776,6
777,9
778,5
779,5
780,5
781,10
782,5
783,3
784,4
785,0
786,9
787,3
788,3
789,7
790,10
791,9
792,5
793,7
794,1
795,10
796,5
797,5
798,6
799,5
800,5
801,0
802,6
803,3
804,2
805,7
806,6
807,0
808,10
809,5
810,1
811,3
812,10
813,8
814,5
815,3
816,2
817,6
818,0
819,10
820,0
821,8
822,3
823,10
824,5
825,4
826,5
827,3
828,8
829,0
830,9
831,5
832,5
833,5
834,1
835,9
836,0
837,0
838,6
839,3
840,5
841,8
842,5
843,6
844,5
845,8
846,5
847,9
848,4
849,8
850,6
851,10
852,2
853,5
854,8
855,4
856,0
857,2
858,9
859,0
860,5
861,6
862,8
863,6
864,10
865,9
866,5
867,0
868,3
869,8
870,10
871,2
872,8
873,2
874,3
875,4
876,5
877,5
878,9
879,5
880,5
881,0
882,8
883,3
884,9
885,9
886,9
887,3
888,0
889,0
890,4
891,6
892,7
893,6
894,5
895,4
896,8
897,10
898,1
899,5
900,10
901,5
902,9
903,5
904,4
905,10
906,9
907,9
908,5
909,8
910,2
911,1
912,2
913,3
914,3
915,10
916,8
917,5
918,3
919,2
920,4
921,0
922,5
923,0
924,4
925,8
926,4
927,3
928,0
929,9
930,2
931,7
932,8
933,6
934,7
935,5
936,2
937,4
938,2
939,7
940,2
941,6
942,7
943,6
944,3
945,0
946,8
947,3
948,8
949,6
950,5
951,5
952,4
953,10
954,1
955,4
956,9
957,5
958,8
959,5
960,3
961,7
962,5
963,7
964,0
965,6
966,0
967,7
968,6
969,10
970,5
971,2
972,3
973,10
974,4
975,3
976,3
977,5
978,5
979,5
980,7
981,9
982,0
983,5
984,5
985,5
986,8
987,5
988,0
989,8
990,2
991,9
992,5
993,5
994,0
995,8
996,3
997,0
998,5
999,5
1000,9
1001,2
1002,6
1003,4
1004,0
1005,5
1006,4
1007,5
1008,10
1009,9
1010,9
1011,5
1012,8
1013,9
1014,5
1015,6
1016,4
1017,0
1018,9
1019,7
1020,5
1021,3
1022,0
1023,7
1024,2
1025,0
1026,4
1027,0
1028,5
1029,10
1030,5
1031,4
1032,5
1033,7
1034,5
1035,3
1036,7
1037,3
1038,3
1039,0
1040,7
1041,0
1042,10
1043,3
1044,7
1045,0
1046,9
1047,5
1048,4
1049,5
1050,10
1051,3
1052,3
1053,5
1054,3
1055,1
1056,4
1057,4
1058,5
1059,5
1060,1
1061,9
1062,9
1063,3
1064,6
1065,5
1066,7
1067,5
1068,5
1069,6
1070,2
1071,4
1072,7
1073,1
1074,6
1075,4
1076,10
1077,5
1078,5
1079,4
1080,5
1081,8
1082,5
1083,6
1084,5
1085,4
1086,8
1087,6
1088,3
1089,5
1090,7
1091,9
1092,8
1093,7
1094,9
1095,5
1096,2
1097,7
1098,5
1099,4
1100,5
1101,10
1102,10
1103,4
1104,3
1105,5
1106,3
1107,3
1108,8
1109,8
1110,9
1111,2
1112,7
1113,7
1114,0
1115,0
1116,0
1117,7
1118,5
1119,8
1120,3
1121,5
1122,3
1123,5
1124,6
1125,7
1126,8
1127,7
1128,0
1129,7
1130,4
1131,0
1132,2
1133,5
1134,6
1135,9
1136,2
1137,5
1138,8
1139,1
1140,7
1141,0
1142,10
1143,7
1144,7
1145,8
1146,8
1147,6
1148,3
1149,10
1150,8
1151,5
1152,3
1153,10
1154,6
1155,5
1156,4
1157,3
1158,7
1159,5
1160,4
1161,5
1162,5
1163,7
1164,1
1165,5
1166,9
1167,2
1168,7
1169,9
1170,6
1171,6
1172,1
1173,2
1174,1
1175,5
1176,3
1177,2
1178,1
1179,9
1180,5
1181,3
1182,3
1183,3
1184,5
1185,0
1186,8
1187,4
1188,3
1189,3
1190,3
1191,8
1192,1
1193,9
1194,3
1195,5
1196,10
1197,4
1198,10
1199,10
1200,7
1201,7
1202,3
1203,9
1204,3
1205,0
1206,5
1207,10
1208,3
1209,0
1210,2
1211,3
1212,9
1213,2
1214,1
1215,5
1216,0
1217,5
1218,5
1219,0
1220,7
1221,3
1222,0
1223,10
1224,5
1225,10
1226,7
1227,2
1228,1
1229,5
1230,5
1231,5
1232,8
1233,6
1234,4
1235,8
1236,2
1237,5
1238,5
1239,4
1240,0
1241,5
1242,0
1243,5
1244,5
1245,4
1246,1
1247,4
1248,5
1249,3
1250,5
1251,5
1252,3
1253,7
1254,3
1255,8
1256,3
1257,4
1258,5
1259,5
1260,0
1261,6
1262,5
1263,5
1264,0
1265,2
1266,7
1267,3
1268,2
1269,8
1270,10
1271,3
1272,10
1273,5
1274,5
1275,0
1276,9
1277,9
1278,1
1279,7
1280,9
1281,1
1282,2
1283,8
1284,5
1285,10
1286,3
1287,2
1288,4
1289,2
1290,0
1291,0
1292,9
1293,8
1294,0
1295,5
1296,9
1297,4
1298,10
1299,3
1300,5
1301,5
1302,10
1303,5
1304,4
1305,10
1306,0
1307,5
1308,0
1309,4
1310,3
1311,5
1312,3
1313,9
1314,7
1315,2
1316,2
1317,2
1318,3
1319,4
1320,0
1321,3
1322,5
1323,8
1324,4
1325,0
1326,5
1327,7
1328,4
1329,6
1330,5
1331,10
1332,7
1333,10
1334,2
1335,6
1336,7
1337,4
1338,0
1339,3
1340,8
1341,4
1342,3
1343,3
1344,2
1345,5
1346,5
1347,3
1348,3
1349,5
1350,7
1351,9
1352,4
1353,5
1354,8
1355,9
1356,2
1357,4
1358,10
1359,9
1360,9
1361,9
1362,6
1363,0
1364,4
1365,8
1366,3
1367,7
1368,7
1369,2
1370,1
1371,8
1372,9
1373,9
1374,5
1375,8
1376,9
1377,1
1378,4
1379,2
1380,8
1381,5
1382,8
1383,6
1384,5
1385,9
1386,8
1387,8
1388,6
1389,0
1390,5
1391,0
1392,8
1393,7
1394,3
1395,10
1396,10
1397,7
1398,6
1399,3
1400,10
1401,6
1402,0
1403,0
1404,6
1405,3
1406,4
1407,3
1408,7
1409,0
1410,10
1411,3
1412,7
1413,4
1414,5
1415,7
1416,3
1417,3
1418,10
1419,3
1420,6
1421,6
1422,0
1423,6
1424,8
1425,9
1426,6
1427,8
1428,3
1429,9
1430,0
1431,8
1432,7
1433,5
1434,7
1435,5
1436,5
1437,6
1438,8
1439,3
1440,5
1441,10
1442,5
1443,3
1444,9
1445,0
1446,5
1447,4
1448,9
1449,5
1450,8
1451,5
1452,10
1453,8
1454,3
1455,10
1456,2
1457,8
1458,0
1459,5
1460,9
1461,0
1462,10
1463,8
1464,1
1465,5
1466,0
1467,6
1468,2
1469,2
1470,5
1471,0
1472,10
1473,7
1474,2
1475,4
1476,3
1477,8
1478,2
1479,9
1480,0
1481,0
1482,0
1483,2
1484,4
1485,4
1486,7
1487,10
1488,0
1489,5
1490,5
1491,5
1492,6
1493,5
1494,8
1495,5
1496,4
1497,0
1498,5
1499,8
1500,1
1501,5
1502,5
1503,5
1504,2
1505,8
1506,5
1507,8
1508,4
1509,6
1510,8
1511,10
1512,8
1513,5
1514,1
1515,10
1516,5
1517,6
1518,8
1519,4
1520,7
1521,4
1522,5
1523,1
1524,7
1525,4
1526,10
1527,5
1528,1
1529,0
1530,5
1531,5
1532,2
1533,6
1534,8
1535,10
1536,3
1537,0
1538,7
1539,4
1540,8
1541,2
1542,5
1543,10
1544,6
1545,9
1546,0
1547,5
1548,5
1549,8
1550,4
1551,1
1552,8
1553,4
1554,8
1555,9
1556,9
1557,10
1558,2
1559,9
1560,2
1561,6
1562,8
1563,5
1564,8
1565,5
1566,7
1567,5
1568,3
1569,9
1570,4
1571,9
1572,5
1573,3
1574,8
1575,10
1576,9
1577,5
1578,5
1579,5
1580,1
1581,3
1582,0
1583,10
1584,5
1585,2
1586,6
1587,4
1588,10
1589,4
1590,1
1591,3
1592,3
1593,9
1594,5
1595,3
1596,5
1597,10
1598,2
1599,10
1600,5
1601,5
1602,10
1603,9
1604,5
1605,5
1606,7
1607,10
1608,6
1609,2
1610,5
1611,10
1612,3
1613,10
1614,3
1615,4
1616,7
1617,10
1618,10
1619,2
1620,3
1621,2
1622,1
1623,5
1624,10
1625,5
1626,10
1627,5
1628,0
1629,9
1630,1
1631,5
1632,5
1633,9
1634,10
1635,10
1636,8
1637,10
1638,4
1639,0
1640,2
1641,7
1642,1
1643,0
1644,8
1645,7
1646,3
1647,2
1648,5
1649,5
1650,7
1651,3
1652,9
1653,3
1654,5
1655,6
1656,7
1657,0
1658,5
1659,5
1660,7
1661,0
1662,2
1663,4
1664,5
1665,6
1666,0
1667,5
1668,3
1669,4
1670,0
1671,9
1672,8
1673,4
1674,0
1675,5
1676,0
1677,3
1678,5
1679,5
1680,7
1681,4
1682,0
1683,8
1684,4
1685,4
1686,8
1687,5
1688,0
1689,5
1690,0
1691,9
1692,7
1693,4
1694,4
1695,0
1696,2
1697,2
1698,7
1699,5
1700,5
1701,8
1702,5
1703,6
1704,3
1705,10
1706,4
1707,10
1708,5
1709,0
1710,5
1711,5
1712,6
1713,5
1714,8
1715,0
1716,2
1717,2
1718,10
1719,5
1720,9
1721,8
1722,6
1723,8
1724,4
1725,8
1726,3
1727,10
1728,8
1729,2
1730,8
1731,0
1732,1
1733,5
1734,5
1735,5
1736,8
1737,9
1738,8
1739,8
1740,10
1741,9
1742,2
1743,6
1744,4
1745,5
1746,4
1747,5
1748,5
1749,3
1750,10
1751,10
1752,7
1753,0
1754,2
1755,8
1756,8
1757,7
1758,0
1759,3
1760,6
1761,5
1762,9
1763,3
1764,10
1765,5
1766,0
1767,2
1768,5
1769,10
1770,10
1771,4
1772,8
1773,2
1774,5
1775,7
1776,8
1777,7
1778,4
1779,2
1780,7
1781,8
1782,3
1783,3
1784,7
1785,10
1786,2
1787,10
1788,5
1789,5
1790,5
1791,6
1792,3
1793,4
1794,5
1795,10
1796,5
1797,10
1798,2
1799,1
1800,10
1801,2
1802,3
1803,4
1804,4
1805,2
1806,8
1807,6
1808,2
1809,8
1810,5
1811,5
1812,5
1813,8
1814,4
1815,7
1816,9
1817,3
1818,5
1819,5
1820,0
1821,2
1822,0
1823,6
1824,0
1825,5
1826,6
1827,5
1828,5
1829,0
1830,7
1831,7
1832,4
1833,10
1834,2
1835,5
1836,5
1837,6
1838,5
1839,7
1840,9
1841,3
1842,2
1843,0
1844,5
1845,5
1846,5
1847,6
1848,6
1849,5
1850,3
1851,3
1852,0
1853,3
1854,4
1855,0
1856,2
1857,10
1858,3
1859,4
1860,2
1861,2
1862,7
1863,5
1864,1
1865,8
1866,10
1867,2
1868,10
1869,2
1870,10
1871,4
1872,2
1873,8
1874,7
1875,6
1876,8
1877,5
1878,9
1879,5
1880,4
1881,8
1882,3
1883,8
1884,8
1885,5
1886,4
1887,3
1888,4
1889,8
1890,2
1891,1
1892,2
1893,10
1894,0
1895,5
1896,4
1897,8
1898,3
1899,4
1900,5
1901,8
1902,6
1903,6
1904,6
1905,6
1906,6
1907,8
1908,5
1909,3
1910,3
1911,8
1912,0
1913,0
1914,5
1915,9
1916,5
1917,2
1918,7
1919,2
1920,2
1921,3
1922,4
1923,10
1924,9
1925,4
1926,8
1927,0
1928,8
1929,4
1930,6
1931,4
1932,8
1933,5
1934,5
1935,5
1936,5
1937,3
1938,5
1939,5
1940,5
1941,6
1942,9
1943,2
1944,10
1945,8
1946,3
1947,5
1948,5
1949,5
1950,0
1951,3
1952,3
1953,5
1954,2
1955,5
1956,2
1957,2
1958,4
1959,2
1960,2
1961,0
1962,7
1963,5
1964,5
1965,5
1966,5
1967,2
1968,2
1969,0
1970,9
1971,4
1972,5
1973,10
1974,5
1975,3
1976,9
1977,0
1978,3
1979,4
1980,3
1981,6
1982,3
1983,6
1984,5
1985,7
1986,3
1987,5
1988,4
1989,5
1990,5
1991,7
1992,7
1993,3
1994,8
1995,8
1996,10
1997,1
1998,9
1999,9
2000,8
2001,8
2002,3
2003,9
2004,5
2005,2
2006,7
2007,5
2008,4
2009,6
2010,5
2011,10
2012,8
2013,5
2014,10
2015,3
2016,9
2017,5
2018,5
2019,10
2020,4
2021,6
2022,7
2023,2
2024,5
2025,9
2026,3
2027,3
2028,9
2029,7
2030,3
2031,9
2032,8
2033,8
2034,5
2035,7
2036,4
2037,7
2038,5
2039,4
2040,0
2041,3
2042,3
2043,5
2044,3
2045,3
2046,4
2047,3
2048,0
2049,0
2050,5
2051,1
2052,10
2053,6
2054,3
2055,0
2056,1
2057,3
2058,7
2059,0
2060,7
2061,9
2062,7
2063,10
2064,1
2065,5
2066,2
2067,6
2068,9
2069,9
2070,2
2071,2
2072,4
2073,3
2074,2
2075,1
2076,0
2077,8
2078,10
2079,5
2080,0
2081,4
2082,0
2083,1
2084,9
2085,2
2086,4
2087,5
2088,4
2089,5
2090,2
2091,4
2092,8
2093,2
2094,9
2095,6
2096,9
2097,8
2098,7
2099,4
2100,3
2101,5
2102,1
2103,7
2104,5
2105,5
2106,2
2107,8
2108,7
2109,10
2110,5
2111,0
2112,5
2113,5
2114,3
2115,10
2116,3
2117,6
2118,2
2119,9
2120,4
2121,5
2122,8
2123,5
2124,4
2125,0
2126,0
2127,7
2128,5
2129,7
2130,4
2131,3
2132,3
2133,2
2134,4
2135,7
2136,5
2137,1
2138,4
2139,2
2140,3
2141,4
2142,5
2143,7
2144,8
2145,0
2146,4
2147,7
2148,10
2149,0
2150,9
2151,7
2152,8
2153,3
2154,10
2155,5
2156,9
2157,10
2158,3
2159,10
2160,0
2161,3
2162,9
2163,9
2164,9
2165,8
2166,9
2167,9
2168,2
2169,3
2170,5
2171,7
2172,6
2173,3
2174,8
2175,0
2176,8
2177,8
2178,3
2179,5
2180,9
2181,2
2182,7
2183,9
2184,4
2185,3
2186,6
2187,5
2188,2
2189,5
2190,5
2191,0
2192,2
2193,7
2194,8
2195,3
2196,7
2197,7
2198,0
2199,2
2200,5
2201,2
2202,2
2203,4
2204,5
2205,3
2206,10
2207,5
2208,6
2209,5
2210,0
2211,5
2212,8
2213,6
2214,3
2215,3
2216,7
2217,0
2218,6
2219,9
2220,3
2221,10
2222,3
2223,2
2224,5
2225,4
2226,10
2227,5
2228,2
2229,0
2230,6
2231,5
2232,1
2233,5
2234,10
2235,0
2236,10
2237,10
2238,10
2239,5
2240,5
2241,8
2242,5
2243,10
2244,5
2245,5
2246,5
2247,9
2248,5
2249,5
2250,5
2251,5
2252,3
2253,1
2254,6
2255,2
2256,4
2257,4
2258,5
2259,5
2260,8
2261,8
2262,3
2263,10
2264,0
2265,7
2266,4
2267,5
2268,8
2269,4
2270,4
2271,4
2272,3
2273,9
2274,3
2275,6
2276,4
2277,0
2278,5
2279,2
2280,8
2281,7
2282,1
2283,2
2284,5
2285,2
2286,3
2287,1
2288,3
2289,7
2290,7
2291,0
2292,9
2293,3
2294,5
2295,9
2296,0
2297,4
2298,4
2299,8
2300,4
2301,0
2302,5
2303,4
2304,0
2305,0
2306,2
2307,2
2308,3
2309,10
2310,10
2311,4
2312,10
2313,5
2314,3
2315,0
2316,9
2317,9
2318,4
2319,0
2320,4
2321,4
2322,10
2323,7
2324,8
2325,5
2326,3
2327,5
2328,5
2329,10
2330,6
2331,6
2332,10
2333,3
2334,5
2335,8
2336,10
2337,5
2338,3
2339,6
2340,5
2341,2
2342,5
2343,9
2344,3
2345,4
2346,8
2347,5
2348,2
2349,2
2350,2
2351,4
2352,0
2353,10
2354,5
2355,3
2356,10
2357,8
2358,5
2359,10
2360,9
2361,2
2362,3
2363,9
2364,5
2365,10
2366,3
2367,5
2368,5
2369,5
2370,3
2371,0
2372,9
2373,10
2374,5
2375,2
2376,0
2377,7
2378,0
2379,7
2380,8
2381,10
2382,9
2383,0
2384,3
2385,3
2386,10
2387,5
2388,5
2389,5
2390,10
2391,9
2392,5
2393,5
2394,5
2395,4
2396,3
2397,0
2398,8
2399,4
2400,5
2401,2
2402,8
2403,0
2404,0
2405,5
2406,0
2407,0
2408,2
2409,9
2410,0
2411,0
2412,4
2413,3
2414,3
2415,6
2416,8
2417,5
2418,8
2419,4
2420,8
2421,3
2422,7
2423,6
2424,0
2425,5
2426,0
2427,4
2428,6
2429,3
2430,7
2431,5
2432,5
2433,5
2434,3
2435,9
2436,9
2437,2
2438,5
2439,9
2440,10
2441,5
2442,2
2443,3
2444,2
2445,2
2446,3
2447,2
2448,2
2449,5
2450,3
2451,0
2452,2
2453,1
2454,8
2455,4
2456,10
2457,2
2458,4
2459,5
2460,0
2461,3
2462,3
2463,9
2464,5
2465,2
2466,8
2467,0
2468,7
2469,2
2470,0
2471,9
2472,8
2473,5
2474,5
2475,9
2476,10
2477,3
2478,8
2479,2
2480,5
2481,2
2482,6
2483,7
2484,2
2485,8
2486,9
2487,5
2488,9
2489,8
2490,5
2491,0
2492,4
2493,5
2494,3
2495,5
2496,5
2497,5
2498,8
2499,9
2500,2
2501,5
2502,0
2503,2
2504,2
2505,4
2506,5
2507,0
2508,9
2509,0
2510,1
2511,7
2512,3
2513,5
2514,6
2515,3
2516,2
2517,3
2518,5
2519,6
2520,4
2521,0
2522,5
2523,4
2524,8
2525,4
2526,6
2527,7
2528,5
2529,5
2530,1
2531,0
2532,4
2533,10
2534,10
2535,7
2536,3
2537,0
2538,7
2539,9
2540,0
2541,5
2542,5
2543,5
2544,8
2545,4
2546,7
2547,8
2548,0
2549,9
2550,3
2551,3
2552,4
2553,7
2554,5
2555,4
2556,5
2557,2
2558,8
2559,8
2560,7
2561,2
2562,4
2563,0
2564,9
2565,3
2566,0
2567,6
2568,3
2569,2
2570,3
2571,8
2572,8
2573,5
2574,5
2575,5
2576,9
2577,1
2578,4
2579,3
2580,8
2581,3
2582,1
2583,2
2584,7
2585,3
2586,4
2587,10
2588,7
2589,2
2590,8
2591,6
2592,6
2593,2
2594,7
2595,9
2596,0
2597,5
2598,6
2599,8
2600,3
2601,1
2602,8
2603,0
2604,0
2605,1
2606,6
2607,8
2608,7
2609,10
2610,5
2611,1
2612,0
2613,10
2614,6
2615,5
2616,9
2617,0
2618,9
2619,8
2620,6
2621,0
2622,9
2623,7
2624,3
2625,7
2626,5
2627,1
2628,0
2629,6
2630,5
2631,5
2632,5
2633,4
2634,5
2635,2
2636,5
2637,2
2638,4
2639,1
2640,0
2641,0
2642,5
2643,0
2644,3
2645,4
2646,4
2647,3
2648,5
2649,5
2650,1
2651,1
2652,1
2653,10
2654,9
2655,5
2656,5
2657,5
2658,1
2659,5
2660,10
2661,8
2662,5
2663,8
2664,9
2665,3
2666,4
2667,5
2668,5
2669,3
2670,5
2671,8
2672,5
2673,3
2674,8
2675,5
2676,7
2677,5
2678,10
2679,1
2680,0
2681,9
2682,4
2683,5
2684,8
2685,10
2686,5
2687,4
2688,10
2689,3
2690,7
2691,5
2692,9
2693,5
2694,8
2695,0
2696,9
2697,8
2698,4
2699,8
2700,9
2701,0
2702,5
2703,5
2704,7
2705,3
2706,4
2707,4
2708,9
2709,0
2710,2
2711,9
2712,10
2713,3
2714,5
2715,5
2716,5
2717,4
2718,9
2719,0
2720,4
2721,7
2722,2
2723,5
2724,5
2725,0
2726,5
2727,5
2728,2
2729,2
2730,3
2731,4
2732,2
2733,8
2734,0
2735,6
2736,4
2737,10
2738,2
2739,5
2740,5
2741,0
2742,3
2743,5
2744,6
2745,9
2746,0
2747,5
2748,2
2749,3
2750,0
2751,3
2752,9
2753,8
2754,8
2755,3
2756,5
2757,3
2758,5
2759,6
2760,0
2761,6
2762,10
2763,0
2764,5
2765,3
2766,4
2767,4
2768,4
2769,7
2770,1
2771,9
2772,5
2773,5
2774,0
2775,7
2776,9
2777,0
2778,0
2779,3
2780,5
2781,0
2782,6
2783,9
2784,0
2785,8
2786,1
2787,2
2788,8
2789,8
2790,3
2791,5
2792,8
2793,8
2794,7
2795,6
2796,4
2797,3
2798,8
2799,3
2800,5
2801,5
2802,0
2803,9
2804,6
2805,4
2806,9
2807,5
2808,0
2809,4
2810,4
2811,1
2812,6
2813,0
2814,9
2815,6
2816,1
2817,5
2818,5
2819,5
2820,0
2821,5
2822,5
2823,7
2824,3
2825,5
2826,3
2827,5
2828,7
2829,4
2830,9
2831,3
2832,9
2833,3
2834,10
2835,0
2836,1
2837,7
2838,3
2839,9
2840,3
2841,5
2842,10
2843,10
2844,2
2845,0
2846,2
2847,5
2848,10
2849,5
2850,5
2851,5
2852,5
2853,8
2854,1
2855,5
2856,7
2857,2
2858,5
2859,5
2860,3
2861,4
2862,9
2863,2
2864,9
2865,2
2866,5
2867,10
2868,0
2869,5
2870,0
2871,8
2872,6
2873,8
2874,3
2875,8
2876,1
2877,3
2878,9
2879,10
2880,8
2881,9
2882,7
2883,5
2884,4
2885,9
2886,3
2887,5
2888,9
2889,7
2890,3
2891,3
2892,5
2893,5
2894,7
2895,5
2896,2
2897,5
2898,0
2899,10
2900,3
2901,4
2902,7
2903,9
2904,4
2905,3
2906,5
2907,9
2908,0
2909,6
2910,3
2911,3
2912,0
2913,5
2914,8
2915,8
2916,5
2917,5
2918,0
2919,2
2920,4
2921,4
2922,10
2923,4
2924,9
2925,0
2926,9
2927,5
2928,2
2929,3
2930,9
2931,0
2932,5
2933,2
2934,3
2935,3
2936,4
2937,7
2938,3
2939,0
2940,3
2941,5
2942,5
2943,8
2944,4
2945,4
2946,0
2947,2
2948,7
2949,7
2950,5
2951,4
2952,5
2953,6
2954,1
2955,6
2956,10
2957,3
2958,5
2959,6
2960,1
2961,5
2962,5
2963,1
2964,9
2965,8
2966,3
2967,9
2968,0
2969,7
2970,0
2971,2
2972,5
2973,7
2974,3
2975,5
2976,2
2977,5
2978,9
2979,3
2980,3
2981,4
2982,5
2983,7
2984,5
2985,5
2986,5
2987,7
2988,9
2989,8
2990,2
2991,5
2992,0
2993,2
2994,5
2995,4
2996,5
2997,10
2998,5
2999,5
3000,7
3001,5
3002,5
3003,0
3004,0
3005,0
3006,3
3007,5
3008,4
3009,4
3010,8
3011,10
3012,4
3013,0
3014,0
3015,5
3016,10
3017,10
3018,2
3019,4
3020,1
3021,4
3022,5
3023,3
3024,5
3025,0
3026,6
3027,5
3028,8
3029,7
3030,9
3031,5
3032,7
3033,0
3034,2
3035,4
3036,5
3037,10
3038,5
3039,1
3040,2
3041,3
3042,0
3043,8
3044,5
3045,10
3046,5
3047,2
3048,5
3049,3
3050,5
3051,0
3052,5
3053,8
3054,10
3055,6
3056,3
3057,5
3058,5
3059,0
3060,5
3061,7
3062,8
3063,10
3064,9
3065,3
3066,9
3067,3
3068,10
3069,3
3070,5
3071,0
3072,0
3073,9
3074,2
3075,6
3076,8
3077,8
3078,6
3079,1
3080,2
3081,0
3082,1
3083,7
3084,3
3085,2
3086,4
3087,8
3088,10
3089,1
3090,2
3091,3
3092,4
3093,5
3094,6
3095,8
3096,5
3097,9
3098,9
3099,5
3100,3
3101,5
3102,1
3103,4
3104,3
3105,7
3106,3
3107,6
3108,9
3109,3
3110,0
3111,2
3112,2
3113,1
3114,4
3115,5
3116,0
3117,7
3118,4
3119,10
3120,8
3121,5
3122,9
3123,4
3124,5
3125,5
3126,4
3127,10
3128,10
3129,10
3130,0
3131,5
3132,10
3133,1
3134,9
3135,3
3136,4
3137,5
3138,8
3139,0
3140,3
3141,5
3142,0
3143,5
3144,8
3145,5
3146,7
3147,5
3148,8
3149,5
3150,3
3151,3
3152,6
3153,9
3154,8
3155,9
3156,0
3157,5
3158,8
3159,7
3160,1
3161,9
3162,7
3163,10
3164,3
3165,8
3166,5
3167,0
3168,7
3169,7
3170,1
3171,0
3172,4
3173,4
3174,10
3175,0
3176,8
3177,8
3178,5
3179,7
3180,5
3181,5
3182,5
3183,9
3184,10
3185,8
3186,1
3187,0
3188,5
3189,10
3190,6
3191,7
3192,10
3193,3
3194,9
3195,5
3196,9
3197,4
3198,5
3199,5
3200,10
3201,4
3202,1
3203,0
3204,3
3205,0
3206,0
3207,7
3208,10
3209,3
3210,9
3211,9
3212,1
3213,5
3214,9
3215,5
3216,6
3217,2
3218,8
3219,8
3220,9
3221,7
3222,8
3223,5
3224,7
3225,8
3226,2
3227,3
3228,8
3229,3
3230,0
3231,5
3232,2
3233,2
3234,2
3235,4
3236,9
3237,4
3238,5
3239,5
3240,10
3241,8
3242,7
3243,2
3244,10
3245,4
3246,2
3247,7
3248,8
3249,2
3250,4
3251,6
3252,3
3253,10
3254,9
3255,8
3256,5
3257,2
3258,2
3259,4
3260,8
3261,5
3262,7
3263,7
3264,5
3265,2
3266,5
3267,8
3268,2
3269,7
3270,5
3271,4
3272,5
3273,0
3274,10
3275,3
3276,5
3277,9
3278,5
3279,6
3280,10
3281,3
3282,6
3283,5
3284,10
3285,4
3286,2
3287,10
3288,9
3289,6
3290,10
3291,10
3292,3
3293,5
3294,0
3295,9
3296,9
3297,2
3298,5
3299,4
3300,0
3301,3
3302,3
3303,0
3304,7
3305,1
3306,2
3307,4
3308,8
3309,9
3310,3
3311,3
3312,4
3313,3
3314,2
3315,4
3316,5
3317,5
3318,0
3319,3
3320,10
3321,1
3322,4
3323,8
3324,0
3325,4
3326,3
3327,3
3328,9
3329,0
3330,0
3331,5
3332,10
3333,5
3334,2
3335,9
3336,8
3337,9
3338,8
3339,3
3340,5
3341,7
3342,6
3343,7
3344,8
3345,8
3346,7
3347,7
3348,3
3349,7
3350,8
3351,8
3352,5
3353,7
3354,5
3355,4
3356,0
3357,7
3358,3
3359,3
3360,5
3361,5
3362,2
3363,5
3364,8
3365,5
3366,5
3367,8
3368,7
3369,10
3370,2
3371,5
3372,8
3373,8
3374,7
3375,7
3376,9
3377,1
3378,0
3379,4
3380,9
3381,3
3382,6
3383,9
3384,3
3385,5
3386,5
3387,0
3388,7
3389,4
3390,10
3391,5
3392,3
3393,8
3394,9
3395,8
3396,4
3397,10
3398,5
3399,6
3400,2
3401,8
3402,8
3403,9
3404,6
3405,10
3406,2
3407,5
3408,3
3409,9
3410,5
3411,1
3412,1
3413,0
3414,5
3415,9
3416,2
3417,5
3418,3
3419,8
3420,10
3421,5
3422,10
3423,5
3424,6
3425,3
3426,2
3427,3
3428,5
3429,0
3430,5
3431,5
3432,10
3433,2
3434,3
3435,2
3436,9
3437,0
3438,9
3439,7
3440,5
3441,5
3442,8
3443,8
3444,7
3445,5
3446,2
3447,5
3448,4
3449,9
3450,5
3451,5
3452,0
3453,10
3454,4
3455,5
3456,5
3457,10
3458,5
3459,2
3460,9
3461,5
3462,1
3463,4
3464,10
3465,8
3466,0
3467,7
3468,5
3469,4
3470,10
3471,10
3472,0
3473,7
3474,10
3475,0
3476,0
3477,6
3478,0
3479,6
3480,3
3481,2
3482,3
3483,5
3484,4
3485,9
3486,8
3487,9
3488,1
3489,9
3490,8
3491,10
3492,5
3493,5
3494,3
3495,5
3496,3
3497,4
3498,6
3499,0
3500,5
3501,10
3502,5
3503,9
3504,8
3505,8
3506,8
3507,8
3508,4
3509,8
3510,6
3511,5
3512,2
3513,2
3514,3
3515,10
3516,8
3517,5
3518,8
3519,7
3520,0
3521,8
3522,4
3523,2
3524,7
3525,3
3526,5
3527,9
3528,3
3529,0
3530,8
3531,5
3532,10
3533,8
3534,6
3535,3
3536,8
3537,4
3538,6
3539,5
3540,5
3541,6
3542,8
3543,5
3544,7
3545,5
3546,3
3547,5
3548,5
3549,1
3550,1
3551,5
3552,7
3553,5
3554,2
3555,10
3556,10
3557,5
3558,0
3559,3
3560,3
3561,0
3562,2
3563,3
3564,3
3565,3
3566,0
3567,7
3568,4
3569,5
3570,9
3571,3
3572,0
3573,5
3574,3
3575,2
3576,8
3577,5
3578,8
3579,3
3580,1
3581,2
3582,0
3583,7
3584,9
3585,5
3586,8
3587,9
3588,2
3589,7
3590,8
3591,2
3592,9
3593,7
3594,7
3595,5
3596,7
3597,3
3598,0
3599,5
3600,10
3601,10
3602,5
3603,7
3604,7
3605,0
3606,4
3607,9
3608,3
3609,5
3610,7
3611,1
3612,4
3613,0
3614,2
3615,5
3616,0
3617,5
3618,5
3619,5
3620,1
3621,8
3622,3
3623,2
3624,9
3625,4
3626,3
3627,5
3628,4
3629,3
3630,5
3631,4
3632,0
3633,1
3634,7
3635,1
3636,5
3637,5
3638,4
3639,5
3640,4
3641,7
3642,5
3643,0
3644,0
3645,4
3646,4
3647,9
3648,9
3649,1
3650,7
3651,3
3652,3
3653,6
3654,5
3655,4
3656,3
3657,4
3658,5
3659,10
3660,5
3661,4
3662,10
3663,3
3664,4
3665,3
3666,5
3667,9
3668,5
3669,7
3670,9
3671,7
3672,6
3673,2
3674,6
3675,5
3676,5
3677,10
3678,9
3679,8
3680,2
3681,5
3682,6
3683,2
3684,1
3685,4
3686,6
3687,8
3688,4
3689,4
3690,5
3691,10
3692,5
3693,9
3694,4
3695,4
3696,5
3697,8
3698,5
3699,2
3700,8
3701,5
3702,7
3703,3
3704,8
3705,5
3706,5
3707,7
3708,0
3709,4
3710,5
3711,7
3712,1
3713,5
3714,9
3715,2
3716,0
3717,8
3718,6
3719,5
3720,10
3721,2
3722,10
3723,5
3724,5
3725,5
3726,3
3727,0
3728,6
3729,4
3730,5
3731,8
3732,9
3733,5
3734,5
3735,3
3736,0
3737,5
3738,5
3739,5
3740,6
3741,4
3742,1
3743,5
3744,6
3745,10
3746,10
3747,3
3748,2
3749,7
3750,8
3751,0
3752,3
3753,3
3754,2
3755,6
3756,4
3757,4
3758,5
3759,3
3760,5
3761,3
3762,8
3763,3
3764,3
3765,5
3766,10
3767,5
3768,1
3769,3
3770,6
3771,9
3772,1
3773,4
3774,0
3775,0
3776,9
3777,5
3778,0
3779,5
3780,2
3781,4
3782,4
3783,3
3784,5
3785,2
3786,9
3787,2
3788,10
3789,5
3790,0
3791,10
3792,6
3793,5
3794,0
3795,3
3796,3
3797,5
3798,2
3799,8
3800,9
3801,0
3802,2
3803,5
3804,7
3805,6
3806,4
3807,5
3808,2
3809,5
3810,4
3811,3
3812,2
3813,2
3814,5
3815,3
3816,5
3817,5
3818,9
3819,3
3820,6
3821,8
3822,1
3823,3
3824,10
3825,10
3826,4
3827,0
3828,6
3829,3
3830,5
3831,5
3832,2
3833,5
3834,10
3835,6
3836,2
3837,2
3838,1
3839,6
3840,3
3841,5
3842,2
3843,8
3844,10
3845,8
3846,8
3847,4
3848,6
3849,2
3850,4
3851,3
3852,5
3853,10
3854,3
3855,5
3856,3
3857,0
3858,4
3859,7
3860,10
3861,5
3862,9
3863,9
3864,5
3865,5
3866,0
3867,3
3868,8
3869,7
3870,2
3871,5
3872,5
3873,5
3874,5
3875,1
3876,8
3877,5
3878,9
3879,10
3880,3
3881,5
3882,4
3883,5
3884,4
3885,8
3886,10
3887,5
3888,4
3889,0
3890,10
3891,3
3892,4
3893,4
3894,3
3895,5
3896,2
3897,7
3898,1
3899,8
3900,0
3901,3
3902,1
3903,6
3904,4
3905,3
3906,3
3907,9
3908,5
3909,5
3910,10
3911,9
3912,6
3913,10
3914,0
3915,4
3916,2
3917,3
3918,3
3919,7
3920,5
3921,8
3922,6
3923,8
3924,2
3925,10
3926,3
3927,3
3928,5
3929,5
3930,5
3931,9
3932,4
3933,3
3934,3
3935,9
3936,2
3937,7
3938,0
3939,8
3940,5
3941,8
3942,10
3943,7
3944,5
3945,3
3946,4
3947,9
3948,9
3949,4
3950,3
3951,2
3952,4
3953,0
3954,9
3955,2
3956,5
3957,0
3958,1
3959,8
3960,7
3961,10
3962,8
3963,3
3964,6
3965,9
3966,4
3967,9
3968,10
3969,3
3970,5
3971,9
3972,3
3973,4
3974,5
3975,6
3976,3
3977,3
3978,6
3979,3
3980,7
3981,5
3982,0
3983,3
3984,4
3985,8
3986,9
3987,5
3988,5
3989,1
3990,8
3991,9
3992,0
3993,5
3994,8
3995,8
3996,5
3997,9
3998,3
3999,8
4000,9
4001,10
4002,5
4003,7
4004,10
4005,3
4006,6
4007,10
4008,8
4009,3
4010,9
4011,7
4012,5
4013,5
4014,7
4015,2
4016,10
4017,5
4018,2
4019,5
4020,5
4021,0
4022,3
4023,7
4024,5
4025,5
4026,5
4027,10
4028,7
4029,2
4030,6
4031,9
4032,0
4033,0
4034,3
4035,2
4036,0
4037,4
4038,2
4039,4
4040,5
4041,2
4042,6
4043,9
4044,8
4045,8
4046,8
4047,4
4048,5
4049,2
4050,5
4051,0
4052,2
4053,8
4054,4
4055,0
4056,6
4057,8
4058,5
4059,0
4060,8
4061,8
4062,5
4063,5
4064,4
4065,9
4066,10
4067,0
4068,7
4069,4
4070,10
4071,2
4072,3
4073,9
4074,3
4075,10
4076,8
4077,9
4078,0
4079,4
4080,9
4081,0
4082,4
4083,3
4084,7
4085,0
4086,7
4087,4
4088,5
4089,7
4090,5
4091,7
4092,6
4093,5
4094,9
4095,0
4096,3
4097,5
4098,0
4099,4
4100,2
4101,5
4102,9
4103,6
4104,6
4105,9
4106,2
4107,0
4108,10
4109,5
4110,9
4111,0
4112,4
4113,9
4114,8
4115,5
4116,3
4117,5
4118,8
4119,8
4120,0
4121,3
4122,10
4123,0
4124,2
4125,10
4126,10
4127,4
4128,6
4129,5
4130,5
4131,0
4132,3
4133,3
4134,7
4135,0
4136,5
4137,1
4138,5
4139,3
4140,9
4141,5
4142,3
4143,4
4144,5
4145,8
4146,3
4147,2
4148,6
4149,0
4150,3
4151,10
4152,4
4153,4
4154,0
4155,0
4156,0
4157,9
4158,2
4159,0
4160,9
4161,3
4162,10
4163,7
4164,7
4165,8
4166,7
4167,10
4168,3
4169,6
4170,6
4171,1
4172,9
4173,2
4174,9
4175,8
4176,4
4177,7
4178,6
4179,4
4180,8
4181,9
4182,7
4183,5
4184,6
4185,4
4186,4
4187,5
4188,0
4189,2
4190,3
4191,9
4192,5
4193,0
4194,6
4195,5
4196,1
4197,0
4198,9
4199,5
4200,3
4201,3
4202,3
4203,5
4204,5
4205,5
4206,3
4207,2
4208,10
4209,8
4210,6
4211,5
4212,2
4213,5
4214,8
4215,7
4216,7
4217,8
4218,10
4219,10
4220,3
4221,2
4222,3
4223,9
4224,0
4225,2
4226,5
4227,5
4228,8
4229,2
4230,5
4231,3
4232,7
4233,6
4234,2
4235,0
4236,4
4237,7
4238,3
4239,0
4240,3
4241,10
4242,4
4243,7
4244,2
4245,8
4246,5
4247,1
4248,0
4249,6
4250,5
4251,7
4252,8
4253,9
4254,8
4255,4
4256,2
4257,4
4258,9
4259,8
4260,5
4261,8
4262,3
4263,2
4264,3
4265,3
4266,0
4267,6
4268,10
4269,5
4270,5
4271,10
4272,9
4273,3
4274,10
4275,8
4276,5
4277,9
4278,2
4279,5
4280,8
4281,4
4282,8
4283,1
4284,5
4285,10
4286,2
4287,9
4288,10
4289,10
4290,8
4291,2
4292,5
4293,10
4294,9
4295,7
4296,2
4297,6
4298,7
4299,8
4300,4
4301,3
4302,5
4303,3
4304,3
4305,0
4306,5
4307,0
4308,2
4309,7
4310,4
4311,4
4312,2
4313,2
4314,0
4315,8
4316,2
4317,2
4318,3
4319,1
4320,8
4321,5
4322,5
4323,1
4324,9
4325,3
4326,9
4327,4
4328,8
4329,3
4330,5
4331,8
4332,3
4333,5
4334,3
4335,1
4336,4
4337,8
4338,5
4339,1
4340,5
4341,0
4342,5
4343,5
4344,7
4345,5
4346,4
4347,10
4348,3
4349,0
4350,2
4351,10
4352,5
4353,7
4354,2
4355,3
4356,5
4357,8
4358,10
4359,0
4360,3
4361,4
4362,0
4363,5
4364,4
4365,0
4366,10
4367,3
4368,5
4369,3
4370,9
4371,0
4372,4
4373,1
4374,3
4375,10
4376,8
4377,3
4378,6
4379,6
4380,5
4381,8
4382,2
4383,8
4384,5
4385,5
4386,6
4387,3
4388,5
4389,0
4390,2
4391,3
4392,2
4393,5
4394,2
4395,9
4396,0
4397,1
4398,7
4399,0
4400,3
4401,0
4402,3
4403,10
4404,0
4405,3
4406,3
4407,5
4408,8
4409,3
4410,0
4411,7
4412,8
4413,8
4414,10
4415,3
4416,0
4417,5
4418,4
4419,5
4420,5
4421,8
4422,4
4423,6
4424,2
4425,1
4426,5
4427,3
4428,8
4429,4
4430,5
4431,4
4432,0
4433,7
4434,0
4435,0
4436,3
4437,10
4438,5
4439,2
4440,5
4441,1
4442,8
4443,5
4444,3
4445,3
4446,2
4447,8
4448,4
4449,8
4450,7
4451,2
4452,10
4453,7
4454,10
4455,0
4456,5
4457,10
4458,6
4459,8
4460,3
4461,0
4462,0
4463,7
4464,5
4465,2
4466,2
4467,8
4468,7
4469,8
4470,5
4471,0
4472,7
4473,3
4474,0
4475,5
4476,2
4477,3
4478,8
4479,10
4480,5
4481,3
4482,3
4483,5
4484,5
4485,5
4486,6
4487,5
4488,4
4489,5
4490,3
4491,7
4492,8
4493,5
4494,0
4495,8
4496,8
4497,0
4498,5
4499,3
4500,5
4501,9
4502,3
4503,6
4504,4
4505,8
4506,9
4507,5
4508,8
4509,6
4510,5
4511,5
4512,10
4513,2
4514,9
4515,5
4516,9
4517,4
4518,5
4519,10
4520,6
4521,3
4522,8
4523,2
4524,10
4525,3
4526,10
4527,3
4528,8
4529,9
4530,5
4531,10
4532,5
4533,5
4534,0
4535,4
4536,3
4537,2
4538,6
4539,1
4540,5
4541,0
4542,0
4543,6
4544,7
4545,3
4546,4
4547,8
4548,1
4549,2
4550,10
4551,5
4552,10
4553,10
4554,9
4555,5
4556,7
4557,7
4558,8
4559,6
4560,6
4561,3
4562,1
4563,4
4564,6
4565,4
4566,4
4567,8
4568,5
4569,4
4570,6
4571,8
4572,0
4573,5
4574,5
4575,2
4576,10
4577,5
4578,10
4579,5
4580,7
4581,7
4582,4
4583,3
4584,10
4585,6
4586,5
4587,4
4588,5
4589,3
4590,4
4591,10
4592,7
4593,8
4594,5
4595,5
4596,8
4597,1
4598,2
4599,0
4600,3
4601,8
4602,4
4603,5
4604,5
4605,7
4606,5
4607,5
4608,5
4609,2
4610,0
4611,4
4612,7
4613,0
4614,5
4615,9
4616,1
4617,6
4618,6
4619,5
4620,8
4621,10
4622,5
4623,5
4624,5
4625,5
4626,8
4627,5
4628,7
4629,10
4630,6
4631,6
4632,1
4633,8
4634,6
4635,10
4636,9
4637,1
4638,2
4639,5
4640,6
4641,3
4642,7
4643,7
4644,3
4645,3
4646,3
4647,7
4648,8
4649,5
4650,10
4651,4
4652,8
4653,1
4654,3
4655,2
4656,5
4657,5
4658,7
4659,9
4660,10
4661,9
4662,3
4663,9
4664,0
4665,1
4666,10
4667,2
4668,0
4669,9
4670,9
4671,3
4672,8
4673,5
4674,9
4675,9
4676,5
4677,10
4678,4
4679,7
4680,2
4681,5
4682,10
4683,8
4684,5
4685,0
4686,4
4687,5
4688,5
4689,7
4690,10
4691,2
4692,3
4693,6
4694,8
4695,4
4696,4
4697,5
4698,5
4699,5
4700,0
4701,5
4702,6
4703,10
4704,7
4705,9
4706,8
4707,4
4708,5
4709,2
4710,0
4711,5
4712,3
4713,0
4714,0
4715,9
4716,5
4717,5
4718,9
4719,2
4720,0
4721,3
4722,6
4723,5
4724,4
4725,5
4726,10
4727,6
4728,6
4729,5
4730,3
4731,9
4732,3
4733,1
4734,9
4735,5
4736,7
4737,10
4738,2
4739,7
4740,3
4741,2
4742,4
4743,9
4744,5
4745,4
4746,9
4747,3
4748,5
4749,9
4750,0
4751,10
4752,4
4753,3
4754,3
4755,5
4756,3
4757,6
4758,10
4759,4
4760,3
4761,6
4762,6
4763,5
4764,2
4765,3
4766,4
4767,5
4768,4
4769,8
4770,1
4771,9
4772,4
4773,5
4774,1
4775,3
4776,3
4777,4
4778,2
4779,2
4780,3
4781,8
4782,2
4783,0
4784,0
4785,7
4786,9
4787,8
4788,5
4789,2
4790,10
4791,0
4792,2
4793,5
4794,3
4795,5
4796,8
4797,7
4798,3
4799,0
4800,10
4801,3
4802,10
4803,1
4804,10
4805,1
4806,8
4807,3
4808,5
4809,0
4810,9
4811,9
4812,9
4813,2
4814,3
4815,7
4816,8
4817,7
4818,6
4819,10
4820,2
4821,3
4822,3
4823,4
4824,4
4825,0
4826,5
4827,5
4828,3
4829,5
4830,4
4831,5
4832,5
4833,5
4834,4
4835,9
4836,10
4837,4
4838,2
4839,9
4840,5
4841,5
4842,10
4843,2
4844,9
4845,5
4846,7
4847,0
4848,7
4849,5
4850,0
4851,4
4852,6
4853,2
4854,3
4855,9
4856,3
4857,2
4858,8
4859,0
4860,0
4861,0
4862,5
4863,3
4864,4
4865,9
4866,3
4867,5
4868,10
4869,5
4870,5
4871,4
4872,8
4873,5
4874,8
4875,10
4876,10
4877,8
4878,2
4879,6
4880,5
4881,0
4882,5
4883,2
4884,4
4885,7
4886,5
4887,3
4888,2
4889,5
4890,10
4891,1
4892,3
4893,8
4894,10
4895,0
4896,5
4897,10
4898,3
4899,7
4900,1
4901,6
4902,9
4903,0
4904,10
4905,7
4906,5
4907,4
4908,3
4909,5
4910,4
4911,4
4912,3
4913,3
4914,9
4915,5
4916,10
4917,3
4918,2
4919,3
4920,0
4921,2
4922,7
4923,7
4924,0
4925,0
4926,8
4927,5
4928,8
4929,5
4930,2
4931,10
4932,8
4933,3
4934,8
4935,1
4936,10
4937,5
4938,5
4939,3
4940,8
4941,3
4942,5
4943,1
4944,9
4945,10
4946,5
4947,7
4948,0
4949,9
4950,1
4951,0
4952,3
4953,5
4954,3
4955,7
4956,3
4957,6
4958,5
4959,1
4960,3
4961,5
4962,3
4963,0
4964,4
4965,6
4966,2
4967,2
4968,4
4969,3
4970,3
4971,3
4972,5
4973,1
4974,0
4975,7
4976,7
4977,8
4978,5
4979,10
4980,2
4981,0
4982,7
4983,5
4984,5
4985,3
4986,5
4987,5
4988,8
4989,0
4990,3
4991,5
4992,9
4993,6
4994,5
4995,6
4996,5
4997,6
4998,0
4999,1
5000,4
5001,8
5002,5
5003,4
5004,5
5005,4
5006,5
5007,0
5008,8
5009,5
5010,9
5011,4
5012,8
5013,3
5014,7
5015,4
5016,5
5017,5
5018,10
5019,3
5020,9
5021,10
5022,7
5023,10
5024,7
5025,5
5026,3
5027,1
5028,5
5029,4
5030,8
5031,4
5032,1
5033,0
5034,5
5035,9
5036,5
5037,1
5038,5
5039,7
5040,5
5041,5
5042,4
5043,0
5044,3
5045,5
5046,5
5047,5
5048,1
5049,4
5050,2
5051,4
5052,4
5053,7
5054,5
5055,10
5056,0
5057,9
5058,10
5059,5
5060,4
5061,10
5062,6
5063,5
5064,2
5065,8
5066,4
5067,5
5068,6
5069,3
5070,0
5071,10
5072,8
5073,5
5074,3
5075,0
5076,1
5077,0
5078,8
5079,5
5080,10
5081,5
5082,5
5083,8
5084,7
5085,10
5086,4
5087,9
5088,2
5089,5
5090,2
5091,0
5092,5
5093,4
5094,0
5095,1
5096,10
5097,5
5098,0
5099,6
5100,0
5101,6
5102,5
5103,6
5104,5
5105,4
5106,4
5107,5
5108,5
5109,10
5110,2
5111,3
5112,4
5113,0
5114,2
5115,4
5116,2
5117,3
5118,0
5119,4
5120,8
5121,5
5122,4
5123,3
5124,0
5125,0
5126,10
5127,5
5128,2
5129,9
5130,5
5131,3
5132,5
5133,7
5134,2
5135,5
5136,5
5137,10
5138,9
5139,7
5140,5
5141,5
5142,1
5143,9
5144,7
5145,5
5146,3
5147,8
5148,9
5149,6
5150,0
5151,5
5152,3
5153,7
5154,10
5155,4
5156,4
5157,5
5158,1
5159,5
5160,3
5161,6
5162,4
5163,8
5164,1
5165,3
5166,7
5167,10
5168,3
5169,10
5170,3
5171,5
5172,2
5173,10
5174,5
5175,7
5176,4
5177,8
5178,4
5179,2
5180,7
5181,5
5182,0
5183,4
5184,4
5185,5
5186,4
5187,3
5188,2
5189,6
5190,5
5191,5
5192,10
5193,9
5194,5
5195,8
5196,2
5197,5
5198,4
5199,5
5200,5
5201,3
5202,2
5203,0
5204,0
5205,0
5206,10
5207,2
5208,7
5209,8
5210,3
5211,7
5212,8
5213,4
5214,3
5215,10
5216,0
5217,5
5218,8
5219,5
5220,9
5221,2
5222,5
5223,7
5224,5
5225,0
5226,3
5227,3
5228,5
5229,0
5230,7
5231,4
5232,4
5233,7
5234,3
5235,6
5236,5
5237,2
5238,3
5239,2
5240,3
5241,8
5242,2
5243,7
5244,2
5245,3
5246,9
5247,3
5248,9
5249,5
5250,5
5251,2
5252,5
5253,6
5254,5
5255,2
5256,4
5257,10
5258,10
5259,3
5260,0
5261,5
5262,10
5263,7
5264,3
5265,6
5266,8
5267,8
5268,6
5269,8
5270,4
5271,1
5272,5
5273,10
5274,5
5275,2
5276,0
5277,8
5278,4
5279,0
5280,10
5281,5
5282,2
5283,3
5284,5
5285,4
5286,6
5287,5
5288,7
5289,2
5290,5
5291,4
5292,5
5293,8
5294,9
5295,5
5296,7
5297,3
5298,0
5299,5
5300,5
5301,5
5302,5
5303,2
5304,2
5305,5
5306,0
5307,3
5308,3
5309,4
5310,9
5311,7
5312,9
5313,2
5314,10
5315,1
5316,9
5317,4
5318,4
5319,5
5320,9
5321,1
5322,1
5323,0
5324,8
5325,6
5326,0
5327,5
5328,8
5329,10
5330,2
5331,6
5332,5
5333,2
5334,4
5335,3
5336,0
5337,8
5338,5
5339,5
5340,2
5341,9
5342,8
5343,4
5344,9
5345,5
5346,5
5347,10
5348,8
5349,5
5350,5
5351,4
5352,4
5353,5
5354,3
5355,9
5356,2
5357,10
5358,0
5359,5
5360,3
5361,5
5362,5
5363,3
5364,2
5365,4
5366,10
5367,8
5368,3
5369,0
5370,10
5371,0
5372,7
5373,8
5374,2
5375,3
5376,5
5377,7
5378,1
5379,4
5380,10
5381,6
5382,1
5383,8
5384,2
5385,3
5386,5
5387,2
5388,5
5389,8
5390,7
5391,4
5392,4
5393,6
5394,4
5395,2
5396,2
5397,2
5398,5
5399,4
5400,5
5401,4
5402,3
5403,6
5404,5
5405,2
5406,8
5407,10
5408,2
5409,9
5410,4
5411,1
5412,8
5413,5
5414,8
5415,8
5416,5
5417,5
5418,0
5419,2
5420,3
5421,5
5422,6
5423,6
5424,4
5425,0
5426,6
5427,7
5428,6
5429,3
5430,9
5431,2
5432,6
5433,10
5434,0
5435,5
5436,1
5437,9
5438,8
5439,10
5440,4
5441,8
5442,5
5443,5
5444,4
5445,5
5446,5
5447,4
5448,6
5449,7
5450,5
5451,7
5452,10
5453,3
5454,2
5455,0
5456,7
5457,8
5458,2
5459,6
5460,5
5461,8
5462,3
5463,2
5464,7
5465,5
5466,3
5467,9
5468,8
5469,4
5470,5
5471,8
5472,6
5473,3
5474,4
5475,10
5476,9
5477,2
5478,7
5479,3
5480,3
5481,3
5482,4
5483,0
5484,1
5485,10
5486,5
5487,7
5488,5
5489,6
5490,2
5491,4
5492,6
5493,8
5494,3
5495,8
5496,2
5497,8
5498,7
5499,6
5500,4
5501,4
5502,6
5503,1
5504,2
5505,2
5506,6
5507,3
5508,0
5509,4
5510,0
5511,1
5512,2
5513,3
5514,10
5515,5
5516,3
5517,9
5518,2
5519,8
5520,2
5521,10
5522,10
5523,5
5524,0
5525,8
5526,3
5527,8
5528,4
5529,5
5530,4
5531,3
5532,6
5533,2
5534,5
5535,5
5536,8
5537,4
5538,7
5539,2
5540,8
5541,0
5542,9
5543,6
5544,3
5545,8
5546,4
5547,9
5548,10
5549,0
5550,3
5551,3
5552,5
5553,5
5554,8
5555,5
5556,6
5557,4
5558,2
5559,4
5560,6
5561,5
5562,3
5563,5
5564,0
5565,3
5566,3
5567,7
5568,5
5569,8
5570,7
5571,8
5572,8
5573,4
5574,10
5575,5
5576,7
5577,1
5578,8
5579,4
5580,6
5581,5
5582,5
5583,5
5584,10
5585,4
5586,2
5587,5
5588,5
5589,7
5590,6
5591,3
5592,6
5593,6
5594,6
5595,0
5596,10
5597,2
5598,3
5599,5
5600,2
5601,3
5602,7
5603,4
5604,8
5605,10
5606,6
5607,4
5608,9
5609,3
5610,0
5611,6
5612,0
5613,3
5614,10
5615,5
5616,8
5617,7
5618,8
5619,0
5620,2
5621,5
5622,5
5623,6
5624,6
5625,9
5626,5
5627,6
5628,0
5629,10
5630,4
5631,5
5632,3
5633,5
5634,7
5635,10
5636,5
5637,5
5638,10
5639,5
5640,6
5641,3
5642,9
5643,7
5644,5
5645,7
5646,6
5647,5
5648,3
5649,5
5650,6
5651,6
5652,10
5653,4
5654,3
5655,3
5656,8
5657,3
5658,10
5659,8
5660,5
5661,5
5662,5
5663,0
5664,8
5665,0
5666,5
5667,9
5668,2
5669,2
5670,1
5671,4
5672,0
5673,8
5674,5
5675,8
5676,3
5677,5
5678,3
5679,4
5680,4
5681,5
